Run,Difference,Chat GPT Likelihood,Llama Likelihood,Synth Conditions,Interpretation Phases,Chat GPT Explanation,Llama Explanation
TRI_181I_9,-0.29999999999999993,0.4,0.7,"Target: NaV2O4Precursors:Na2CO3,V2O5,Furnace:BFTemperature:500.0 CDwell Duration:12.0","Na6V15O40 (space group 11, weight fraction 44%), V2O5 (space group 11, weight fraction 35%), Na2CO3 (space group 12, weight fraction 20%)","The presence of V2O5 and Na2CO3 is plausible, but the sodium vanadate phase does not align with the target composition, reducing the overall likelihood of this interpretation.",The interpretation seems plausible.
TRI_181I_14,-0.35000000000000003,0.3,0.65,"Target: NaV2O4Precursors:Na2CO3,V2O5,Furnace:BFTemperature:500.0 CDwell Duration:12.0","Na6V15O40 (space group 11, weight fraction 71%), V2O5 (space group 11, weight fraction 23%), NaCO3 (space group 14, weight fraction 5%)","While V2O5 is plausible, the other phases do not align with the target composition, reducing the overall likelihood of this interpretation.",The interpretation seems plausible.
TRI_181I_17,-0.15000000000000002,0.4,0.55,"Target: NaV2O4Precursors:Na2CO3,V2O5,Furnace:BFTemperature:500.0 CDwell Duration:12.0","Na6V15O40 (space group 11, weight fraction 83%), Na2CO3 (space group 12, weight fraction 15%), VO2 (space group 12, weight fraction 2%)","The presence of VO2 and Na2CO3 is plausible, but the sodium vanadate phase does not align with the target composition, reducing the overall likelihood of this interpretation.",The interpretation seems plausible.
TRI_181I_20,-0.4,0.4,0.8,"Target: NaV2O4Precursors:Na2CO3,V2O5,Furnace:BFTemperature:500.0 CDwell Duration:12.0","Na6V15O40 (space group 11, weight fraction 98%), Na2CO3 (space group 12, weight fraction 2%), VO2 (space group 22, weight fraction 0%)","The presence of VO2 and Na2CO3 is plausible, but the sodium vanadate phase does not align with the target composition, reducing the overall likelihood of this interpretation.",The interpretation seems highly plausible.
TRI_181I_21,-0.8,0.1,0.9,"Target: NaV2O4Precursors:Na2CO3,V2O5,Furnace:BFTemperature:500.0 CDwell Duration:12.0","Na6V15O40 (space group 11, weight fraction 100%), Na48C24O73 (space group 12, weight fraction 0%), C (space group 31, weight fraction 0%)","The phases do not align with the target composition, and the presence of carbon is implausible under the synthesis conditions.",The interpretation seems highly plausible.
TRI_181I_22,-0.35000000000000003,0.3,0.65,"Target: NaV2O4Precursors:Na2CO3,V2O5,Furnace:BFTemperature:500.0 CDwell Duration:12.0","Na6V15O40 (space group 11, weight fraction 73%), V2O5 (space group 11, weight fraction 27%), Na (space group 166, weight fraction 0%)","While V2O5 is plausible, the other phases do not align with the target composition, reducing the overall likelihood of this interpretation.",The interpretation seems plausible.
TRI_181I_24,-0.4,0.15,0.55,"Target: NaV2O4Precursors:Na2CO3,V2O5,Furnace:BFTemperature:500.0 CDwell Duration:12.0","Na6V15O40 (space group 11, weight fraction 79%), C (space group 31, weight fraction 21%), Na2O2 (space group 225, weight fraction 0%)","The interpretation includes phases that do not align with the target composition, and the presence of carbon is implausible under the synthesis conditions.",The interpretation seems plausible.
TRI_181I_26,-0.3,0.3,0.6,"Target: NaV2O4Precursors:Na2CO3,V2O5,Furnace:BFTemperature:500.0 CDwell Duration:12.0","Na6V15O40 (space group 11, weight fraction 40%), V2O5 (space group 11, weight fraction 30%), NaO3 (space group 44, weight fraction 30%)","While V2O5 is plausible, the other phases do not align with the target composition, reducing the overall likelihood of this interpretation.",The interpretation seems plausible.
TRI_172I_4,0.050000000000000044,0.75,0.7,"Target: MgVO3Precursors:MgCO3,V2O5,Furnace:BFTemperature:600.0 CDwell Duration:12.0","Mg2V2O7 (space group 2, weight fraction 30%), MgV2O6 (space group 12, weight fraction 65%), VO2 (space group 136, weight fraction 5%)","This interpretation includes plausible phases like Mg2V2O7 and MgV2O6, but the presence of VO2 in space group 136 suggests incomplete reaction or kinetic trapping. The composition balance score is high, supporting the likelihood of these phases.","Similar to I_1, with a more plausible set of phases."
